id;login;first_name;last_name;email;phone;role;is_active;profile_picture;preferences;last_login_at;created_at;updated_at
1;"g0cv~@ZfS-yx.0UXn.8m";María José;Benavides Bernal;".Z@oP`.)n";962-654-949;SALES;false;ah;../fake-data/blob/hipster.txt;2025-07-07T16:35:13;2025-07-08T07:24:32;2025-07-07T19:43:30
2;"hsq";Isabel;Vega Galván;"!q@dQ5x().>YRzK";911.789.227;ADMIN;false;lest front legislature;../fake-data/blob/hipster.txt;2025-07-07T21:53:05;2025-07-07T19:47:02;2025-07-07T15:49:09
3;"b@N.o.R.9Y";Carolina;Ceballos Ozuna;"X!8[@[Xs.fG.;W>?=e";922-887-963;LOGISTICS;true;ah gastropod singe;../fake-data/blob/hipster.txt;2025-07-08T12:40:51;2025-07-08T04:07:22;2025-07-08T06:35:51
4;"8N@g.gMA.MZl.fEhaSj";Sergio;Guajardo González;"CQ@(.zP";901 678 254;SALES;false;instance drat as;../fake-data/blob/hipster.txt;2025-07-08T01:57:40;2025-07-08T12:49:11;2025-07-08T04:29:24
5;"Lq3@3-SXd";Adán;Zambrano Enríquez;"c5y'@gyS..g*0";965118811;SALES;false;between since huzzah;../fake-data/blob/hipster.txt;2025-07-07T17:55:37;2025-07-08T06:36:27;2025-07-07T22:03:57
6;"vNEbr";Benito;Gallegos Montero;";@/.[P6";989 933 996;ADMIN;true;successfully longingly er;../fake-data/blob/hipster.txt;2025-07-07T16:36:36;2025-07-07T15:59:21;2025-07-07T17:19:23
7;"2F+@wsAwjM.ZP2h";Olivia;Briones Maya;"6:!uZQ@pAukf.{/cM!";909.174.098;ADMIN;false;dreamily chasuble finally;../fake-data/blob/hipster.txt;2025-07-08T03:25:33;2025-07-07T16:20:20;2025-07-07T16:30:26
8;"s";Ramiro;Coronado Manzanares;"JC;@QZ.,y#Hfb";968 836 110;COOK;false;instruction anenst;../fake-data/blob/hipster.txt;2025-07-08T04:37:15;2025-07-08T13:25:19;2025-07-08T11:08:12
10;"1`=@L7B";Dolores;Ramírez Carranza;"eFT@lA:Z+.:)!";925581728;ADMIN;false;exactly cleverly hence;../fake-data/blob/hipster.txt;2025-07-07T20:23:33;2025-07-08T01:05:09;2025-07-07T15:29:32
